Id,preco
1170,
1171,8151.713186786406
1172,
1173,
1174,6763.291445171705
1175,
1176,10574.176186122866
1177,
1178,
1179,
1180,15106.949780002373
1181,
1182,6962.774978276618
1183,14135.99656549118
1184,
1185,
1186,
1187,
1188,9678.457555217874
1189,
1190,9098.667136514792
1191,
1192,11822.092552502756
1193,6570.722163644813
1194,
1195,
1196,
1197,
1198,9009.112362604998
1199,
1200,17862.952738445467
1201,
1202,
1203,
1204,9308.990775393973
1205,
1206,
1207,6521.762891960394
1208,
1209,
1210,
1211,
1212,
1213,11982.546091890703
1214,11584.65003332444
1215,8049.375060763016
1216,9534.700666412924
1217,
1218,13617.715386516516
1219,12331.634809646635
1220,18651.344784323075
1221,
1222,6497.426975406739
1223,
1224,8779.835570653717
1225,7767.264325699504
1226,
1227,
1228,
1229,15370.37424661359
1230,8563.866393288052
1231,
1232,
1233,9581.0451962618
1234,
1235,9126.237412450339
1236,
1237,7378.660547999588
1238,
1239,
1240,7485.744924450355
1241,6733.79896265321
1242,8240.935994328009
1243,6958.602553683797
1244,15177.003099152036
1245,9489.239923189632
1246,
1247,
1248,
1249,6909.30029001964
1250,
1251,
1252,8181.356084289035
1253,
1254,7197.006315944253
1255,
1256,
1257,
1258,
1259,10833.560090211307
1260,
1261,7436.86005709479
1262,7632.965259279182
1263,9469.509637746969
1264,
1265,
1266,
1267,7916.771323410403
1268,
1269,11857.007757200221
1270,11234.8348811444
1271,
1272,10154.401690296474
1273,11973.401833405056
1274,6851.056262711716
1275,12245.531471389602
1276,8638.019507890305
1277,
1278,10939.635088193765
1279,
1280,6143.746275004448
1281,
1282,
1283,8707.134601224221
1284,14171.65118450539
1285,
1286,7880.454727323368
1287,
1288,8974.262264680934
1289,7426.694404257447
1290,7736.778207632924
1291,10917.455923509755
1292,
1293,
1294,
1295,13534.71838382314
1296,11220.715061203531
1297,9831.295130461789
1298,
1299,
1300,
1301,7220.403900587586
1302,10494.845700350257
1303,
1304,6460.625648031339
1305,9512.771035918326
1306,5847.987876730763
1307,6834.979569680401
1308,7938.709181632837
1309,14599.366169654137
1310,
1311,11861.401239542634
1312,6522.1648864697245
1313,8553.139441131214
1314,
1315,6997.583883550075
1316,8565.061602122056
1317,10152.041066852466
1318,
1319,12605.305354148506
1320,
1321,
1322,11043.374705520515
1323,12522.293912277803
1324,11736.569901739967
1325,
1326,11249.026035956917
1327,
1328,8961.331662433959
1329,
1330,7006.663253164445
1331,
1332,
1333,15802.673306572091
1334,
1335,9686.266721618586
1336,6889.165268284219
1337,
1338,10873.631374200273
1339,
1340,
1341,
1342,
1343,12161.783463349584
1344,12484.294954209256
1345,
1346,11637.129303695256
1347,11421.340565751814
1348,
1349,10676.084590468907
1350,
1351,
1352,10228.688769566023
1353,
1354,8042.8572895322695
1355,5959.43158779771
1356,8853.661406779636
1357,
1358,7298.1323359086355
1359,
1360,
1361,
1362,
1363,15321.106683508475
1364,
1365,10908.005437607437
1366,10901.723256294394
1367,8819.7974481131
1368,7797.415239479181
1369,6758.1856169846415
1370,6432.99348489589
1371,
1372,13710.625925610078
1373,6490.314931933052
1374,7508.908636878537
1375,6795.2011660345515
1376,
1377,
1378,6290.744863074088
1379,
1380,
1381,12549.721275208994
1382,
1383,
1384,
1385,8786.445657138755
1386,
1387,
1388,15118.535635601262
1389,5973.227628880372
1390,9892.223300468117
1391,
1392,15573.992267143678
1393,6160.936246907124
1394,
1395,
1396,8544.833294128232
1397,7992.369579076493
1398,6486.770562218672
1399,12033.344004323106
1400,
1401,8939.945170883833
1402,8106.122998764533
1403,
1404,
1405,13353.349822428227
1406,
1407,
1408,
1409,12616.54092636518
1410,8453.272028326608
1411,22356.242774786475
1412,6824.345162004052
1413,
1414,
1415,
1416,
1417,
1418,
1419,10563.091087656821
1420,9063.91794462864
1421,12089.75581626657
1422,
1423,
1424,
1425,
1426,7636.739592564566
1427,
1428,8965.633582292543
1429,
1430,9676.509194143651
1431,
1432,15830.472261501134
1433,
1434,8272.94583899139
1435,18240.139154364722
1436,6418.221798977895
1437,
1438,8463.50585785422
1439,7029.840832874692
1440,9462.375541158037
1441,
1442,
1443,10478.727150749126
1444,11982.546091890703
1445,8927.210780087913
1446,
1447,11757.71872206954
1448,12430.801174947901
1449,7600.069496039146
1450,10180.514338811508
1451,8535.379930998259
1452,
1453,
1454,
1455,6911.833763002899
1456,
1458,9556.833900166583
1459,
1460,
1461,
1462,10519.210660441347
1463,11127.2252787268
1464,7600.810846818829
1465,8402.83436486439
1466,9420.017455871799
1467,
1468,
1469,7164.518564753183
1470,
1471,9359.580379873812
1472,7632.965259279182
1473,14589.289999324825
1474,
1475,
1476,
1477,15200.644886738053
1478,11564.715978062148
1479,
1480,
1481,7708.333141798316
1482,31010.845315482995
1483,
1484,
1485,
1486,
1487,7624.687912437957
1488,15321.106683508475
1489,
1490,
1491,6681.1847097874415
1492,9592.30274943403
1493,7630.70423675796
1494,
1495,
1496,
1497,
1498,
1499,
1500,8735.407963887097
1501,6565.347026722364
1502,
1503,
1504,13687.160461741796
1505,10353.240676437059
1506,
1507,
1508,
1509,9773.866982103382
1510,
1511,10093.729184372845
1512,6385.013187033486
1513,
1514,
1515,
1516,12650.489630596603
1517,9381.847169159728
1518,
1519,11043.374705520515
1520,7626.190215060059
1521,
1522,5962.798429930247
1523,
1524,
1525,
1526,
1527,9103.239068519908
1528,19222.1035572798
1529,
1530,6486.770562218672
1531,10574.176186122866
1532,9395.655647021244
1533,10021.004611818355
1534,
1535,9056.433695895319
1536,20341.3909950649
1537,9579.174068466467
1538,
1539,7891.624360872732
1540,8287.565993307942
1541,11843.866252798434
1542,15370.37424661359
1543,
1544,
1545,6814.734694262937
1546,6971.674715417847
1547,6849.099510620536
1548,10144.972342543644
1549,
1550,
1551,6986.432858474656
1552,7466.313166890208
1553,7975.220246584777
1554,
1555,7660.308319233689
1556,19567.69063735938
1557,32351.11749658235
1558,8741.8851370515
1559,9500.07147901249
1560,6945.627873045484
1561,
1562,13134.722620913833
1563,18899.703975477794
1564,14317.959859927822
1565,
1566,6986.962249556194
1567,
1568,12225.6183769587
1569,
1570,7470.4601391422375
1571,10391.809100600512
1572,8133.159816804891
1573,9613.079803948123
1574,
1575,10743.29296814015
1576,12186.177398462542
1577,10216.55965127965
1578,
1579,
1580,6538.326401607504
1581,7434.8224731948885
1582,
1583,9542.055625492683
1584,
1585,
1586,8026.193709617151
1587,
1588,7839.753643914236
1589,
1590,10107.601940056056
1591,11843.866252798434
1592,14144.876590794524
1593,
1594,6246.826791650292
1595,8047.510684813815
1596,7876.1755133605675
1597,11043.374705520515
1598,
1599,
1600,8778.515937996232
1601,12790.03937518132
1602,
1603,
1605,
1606,9596.0670436204
1607,
1608,
1609,
1610,
1611,8073.770285822865
1612,
1613,
1614,
1615,
1616,
1617,
1618,7567.733510197137
1619,
1620,
1621,9932.971916178729
1622,
1623,7503.971154431634
1624,12610.918135546457
1625,6556.290552650868
1626,10481.406702681477
1627,
1628,
1629,8206.390985375521
1630,
1631,
1632,8593.948356995143
1633,
1634,10633.146789108683
1635,
1636,
1637,5965.328560613222
1638,16496.556099197922
1639,10404.793633220324
1640,6852.525295043442
1641,7098.438733915191
1642,8714.809224410255
1643,7635.9841287028
1644,8064.3525372658
1645,
1646,
1647,8778.515937996232
1648,8024.350707897097
1649,
1650,
1651,6147.232386899057
1652,
1653,
1654,6655.267482637999
1655,29033.475420583876
1657,
1658,7783.504080973132
1659,
1660,
1661,7523.79943985522
1662,7042.91136489667
1663,8667.90823786646
1664,
1665,
1666,
1667,
1668,14198.629646539617
1669,
1671,6220.656874253749
1672,
1673,6074.1280836889155
1674,6414.832159988638
1675,
1676,
1677,
1678,
1679,
1680,
1681,11572.673129507935
1682,9112.410571432854
1683,
1684,9796.267797276629
1685,7434.8224731948885
1686,12108.796408062924
1687,9749.66168208438
1688,
1689,8743.182878667267
1690,12577.390503376248
1691,
1692,6592.819860364
1693,11413.791098538757
1694,
1695,
1696,9802.41285500149
1697,
1698,8789.09527154842
1699,10513.776666364829
1700,
1701,
1702,7284.318891163381
1703,9332.462848593948
1704,
1705,
1706,
1707,10532.84495597393
1708,8765.363085435503
1709,
1710,14013.969546175256
1711,7685.720423550945
1712,
1713,
1714,
1715,165139.3718518206
1716,
1717,
1718,6828.20456071283
1719,14118.303184592945
1720,6587.790567220675
1721,10119.221032973814
1722,
1723,
1724,
1725,12605.305354148506
1726,8544.833294128232
1727,
1728,6849.099510620536
1729,
1730,11402.504217975991
1731,
1732,
1733,9703.92992938905
1734,12275.64601428887
1735,
1736,
1737,7082.155560382167
1738,
1739,
1740,7981.521292171748
1741,
1742,10593.687625538647
1743,6750.325016413248
1744,8881.130673506965
1745,8515.429561480392
1746,13181.327196996279
1747,
1748,
1749,
1750,
1751,
1752,
1753,
1754,7804.82036496191
1755,
1756,14539.322861393282
1757,
1758,
1759,
1760,
1761,
1762,11063.26854864282
1763,13453.708335749105
1764,13871.292283854424
1765,
1766,
1767,
1768,
1769,7329.279406969426
1770,
1771,10287.721701856799
1772,
1773,7306.977480259241
1774,13228.600291301018
1775,14722.495239343585
1776,
1777,
1778,
1779,5768.592616932724
1780,9894.351333078475
1781,
1782,
1783,8745.780675278409
1784,
1785,
1786,
1787,
1788,7960.000123825941
1789,6928.6484171547645
1790,
1791,
1792,7074.904510169551
1793,6501.788603217475
1794,
1795,13290.389668635204
1796,
1797,
1798,12555.23565257722
1799,7945.7808479688565
1800,
1801,13656.12144260956
1802,
1803,9074.437586961072
1804,
1805,7924.641007432347
1806,
1807,
1808,
1809,
1810,9034.12831821991
1811,
1812,
1813,14262.387658411886
1814,
1815,14559.227503438879
1816,
1817,7960.000123825941
1818,16074.956811403279
1819,13742.16514178939
1820,14422.135849593917
1821,12352.249365037453
1822,
1823,12511.389863305669
1824,6538.326401607504
1825,13011.46659705899
1826,
1827,
1828,104030.91534178802
1829,
1830,11774.74802714081
1831,12948.42071173461
1832,
1833,
1834,
1835,
1836,
1837,
1838,
1839,
1840,7509.615052895957
1841,
1842,
1843,
1844,18000.726453535142
1845,8405.050566012711
1846,12696.328761588475
1847,13095.295502453831
1848,13587.299393832112
1849,
1850,9573.569441172209
1851,
1852,7120.574958921712
1853,
1854,8446.476897177907
1855,9521.883848995238
1856,10243.320048770935
1857,
1858,
1859,9879.49342584567
1860,7369.463881210516
1861,10144.972342543644
1862,
1863,
1864,
1865,
1866,
1867,16947.815310863785
1868,
1869,
1870,
1871,49557.63661065955
1872,23454.504715022787
1873,
1874,
1875,8778.515937996232
1876,8899.169732395758
1877,9016.441235498463
1878,
1879,
1880,19904.56712248154
1881,
1882,
1883,
1884,8193.334663427435
1885,
1886,
1887,8389.586049100628
1888,
1889,
1890,
1891,11231.298263069686
1892,
1893,
1894,15900.835284988487
1895,
1896,
1897,
1898,11813.427769221329
1899,11210.171633391064
1900,
1901,
1902,
1903,
1904,12285.750254252795
1905,
1906,
1907,6767.480438398612
1908,6502.582885453694
1909,6199.508100488679
1910,
1911,
1912,
1913,
1914,
1915,
1916,
1917,9682.358989560209
1918,
1919,
1920,
1921,5966.454442332747
1922,
1923,17135.110200712053
1924,
1925,6844.7049769747755
1926,5962.798429930247
1927,
1928,9100.19009338615
1929,
1930,
1931,15038.1721214645
1932,11937.101794583194
1933,
1934,12736.988371818843
1935,
1936,
1937,9059.42442871821
1938,
1939,11505.726261617005
1940,10231.121513717097
1941,
1942,9711.821723823628
1943,8565.061602122056
1944,
1945,
1946,
1947,
1948,8995.980196420825
1949,
1950,
1951,7442.986237270163
1952,
1953,
1954,16351.12443310603
1956,
1957,9818.875376024967
1958,12393.895695618321
1959,
1960,
1961,11161.487272246864
1962,
1963,
1964,
1965,
1966,23064.59011086463
1967,
1968,
1969,
1970,
1971,7617.19411052728
1972,14691.323314255746
1973,9137.049854763103
1974,6447.134175403961
1975,7005.592645363331
1976,7364.229174988454
1977,9814.749377482105
1978,6643.973135120495
1979,
1980,
1981,5968.708757867516
1982,5927.272354363365
1983,6521.762891960394
1984,9059.42442871821
1985,
1986,
1987,
1988,
1989,
1990,
1991,15382.790547849574
1992,
1993,9034.12831821991
1994,
1995,
1996,8021.589375860821
1997,11941.615255048962
1998,
1999,
2000,
2001,6752.171280268571
2002,9890.097097243293
2003,
2004,
2005,13490.290104518457
2006,
2007,8845.486610865943
2008,13201.50425990972
2009,9531.031677721987
2010,
2011,
2012,16104.727169794029
2013,
2014,
2015,
2016,6486.770562218672
2017,7639.007779074626
2018,
2019,
2020,
2021,
2022,
2023,
2024,7735.982385534588
2025,18843.367712920328
2026,23522.100203193502
2027,
2028,
2029,
2030,10014.293446008838
2031,6522.1648864697245
2032,
2033,25332.391525153977
2034,8727.66062790181
2035,11572.673129507935
2036,10048.030373073843
2037,6340.945196659171
2038,
2039,6157.099622921284
2040,
2041,
2042,10582.520621083844
2043,
2044,9100.19009338615
2045,9599.837253021637
2046,
2047,
2048,
2049,
2050,10818.304423609135
2051,
2052,6447.9020846854155
2053,33115.62191036706
2054,11455.56216340273
2055,
2056,
2057,
2058,
2059,
2060,
2061,
2062,
2063,
2064,11753.476759680483
2065,
2066,
2067,10258.035395858042
2068,
2069,
2070,12516.837138640447
2071,9581.0451962618
2072,8441.958924984558
2073,6969.052423062446
2074,
2076,7874.46642771062
2077,6801.370474300156
2078,7501.155558161229
2079,
2080,
2081,
2082,
2083,7291.84051972629
2084,
2085,9911.441783845761
2086,7393.205696907346
2087,11210.171633391064
2088,
2089,7835.562071617564
2090,
2091,7383.936446524466
2092,7137.2155539319665
2093,
2094,6779.640531663666
2095,7011.489099764171
2096,
2097,
2098,13610.085852490305
2099,13024.223925422804
2100,20045.996853614433
2101,
2102,
2103,8380.80008869684
2104,
2105,
2106,7935.182772471807
2107,
2108,6513.343827856969
2110,
2111,
2112,
2113,
2114,
2115,8133.159816804891
2116,
2117,
2118,17452.88545149213
2119,12127.957510284825
2120,9856.324415705265
2121,
2122,
2123,
2124,7460.798162545081
2125,
2126,104030.91534178802
2127,
2128,12538.721513854913
2129,7818.05480016163
2130,12468.150158242246
2131,12478.904066253139
2132,9802.41285500149
2133,
2134,7838.914611950216
2135,
2136,
2137,13221.805426062969
2138,11865.8012404059
2139,
2140,
2141,
2142,8547.203187010153
2143,11490.197597322825
2144,
2146,9337.523465624861
2147,
2148,
2149,11266.866259365766
2150,11826.434489195848
2151,
2152,
2153,
2154,
2155,
2156,
2157,26319.104369284192
2158,
2159,
2160,
2161,
2162,
2163,8211.43486016119
2164,7986.034251801237
2165,
2166,
2167,
2168,
2169,9465.939901397584
2170,
2171,
2172,7002.918985390182
2173,
2174,9877.378141382427
2175,7561.913084169789
2176,
2177,7364.229174988454
2178,8689.331706296856
2179,10574.176186122866
2180,7730.420781985373
2181,
2182,14470.503535046066
2183,10641.67913841432
2184,
2185,
2186,14253.209156740557
2187,9609.288762622913
2188,9639.785718367497
2189,
2190,6890.166454765648
2191,
2192,12220.660299214334
2193,12898.853066016793
2194,6995.454388854932
2195,
2196,13439.186243152424
2197,
2198,
2199,6889.165268284219
2200,11568.691817487732
2201,10363.469619296917
2202,
2203,
2204,
2205,
2206,11766.221052379782
2207,
2208,
2209,
2210,12538.721513854913
2211,
2212,8453.272028326608
2213,
2214,14893.341466780985
2215,
2216,7407.866200803477
2217,11069.931765278201
2218,13830.41905849212
2219,
2220,7023.882490331822
2222,
2223,
2224,13388.847995330281
2225,14904.28514556527
2226,12331.634809646635
2227,10353.240676437059
2228,7043.458082639075
2229,5949.098141493203
2230,
2231,
2232,
2233,8172.417953038547
2234,
2235,7512.443377415949
2236,10702.182945603434
2237,
2238,12331.634809646635
2239,6977.457679832185
2240,
2241,29193.00870740142
2242,
2243,6601.658207387258
2244,15177.003099152036
2245,7141.833517732699
2246,
2247,
2248,
2249,10904.862537566723
2250,9989.838692106412
2251,
2252,13147.970963348906
2253,
2254,
2255,
2256,
2257,7860.84691687048
2258,14860.702191683973
2259,
2260,34258.465573152214
2261,
2262,8211.43486016119
2263,1492.4364913329669
2264,
2265,
2266,
2267,
2268,
2269,13201.50425990972
2270,
2271,
2272,7753.566496893599
2273,
2274,26646.774166486335
2275,
2276,7553.939145167393
2277,8316.056514193499
2278,
2279,
2280,8474.935126203145
2281,
2282,
2283,
2284,
2285,
2286,
2287,
2288,
2289,
2290,11324.725380382824
2291,20341.3909950649
2292,5930.841949510609
2293,7609.729678831442
2294,6793.307414305432
2295,
2296,
2297,
2298,8010.58192177712
2299,7695.824314403721
2300,
2301,6531.438203385697
2302,
2303,9388.741254791532
2304,
2305,6508.552399469707
2306,9270.936363137987
2307,5803.960741840375
2308,
2309,12118.361812046465
2310,
2311,13101.833843780885
2312,13490.290104518457
2313,12042.672956899536
2314,39512.512565529716
2315,9597.951407902805
2317,
2318,5801.945042822694
2319,10277.788100023568
2320,6999.715973212369
2321,6046.851386326577
2322,8047.510684813815
2323,6824.827109835194
2324,
2325,
2326,8583.070193885495
2328,5587.2275778851335
2329,7595.6274557778215
2330,10974.855403119413
2331,
2332,
2333,
2334,
2335,
2336,65534.99999999998
2337,7692.709767047203
2338,
2339,11110.251144265872
2340,
2341,
2342,20045.996853614433
2343,
2344,11633.058604061434
2345,
2346,8739.291963197169
2347,20456.756737609056
2348,
2349,
2350,
2351,10114.5669872345
2352,6681.1847097874415
2353,
2354,8647.936600262841
2355,
2356,7207.167939415277
2357,
2358,10653.09833079873
2359,11023.623173582366
2360,
2361,
2362,10218.980874036446
2363,9071.426992085335
2364,
2365,
2366,15534.989619075375
2367,7252.07980180808
2368,7175.675253484725
2369,
2370,
2371,
2372,11950.662694308608
2373,7580.16166636141
2374,12505.952057378203
2375,
2376,
2377,12420.211901361252
2378,
2379,8170.4369985370495
2380,
2381,
2382,12404.395400508314
2383,
2384,8039.142310461194
2385,9219.009834444501
2386,
2387,11103.490417835988
2388,7429.399811309383
2389,
2390,7984.2278434501795
2391,
2392,
2393,
2394,
2395,9269.29589311735
2396,
2397,9898.61289748691
2398,
2399,
2400,
2401,
2402,
2403,12113.575333739744
2404,
2405,12260.551762164787
2406,12347.082802592502
2407,
2408,
2409,
2410,10444.140340928625
2411,
2412,
2413,9374.973285989327
2414,8965.633582292543
2415,13374.603465433247
2416,
2417,12571.837129363754
2418,
2419,11013.80021931059
2420,9527.36832929136
2421,11529.177534903134
2422,7916.771323410403
2423,7922.889484500742
2424,
2425,8148.772445932462
2426,
2427,
2428,19072.849837324804
2429,
2430,
2431,
2432,
2433,9856.324415705265
2434,
2435,
2436,14650.168131409402
2437,6982.203496552515
2438,12089.75581626657
2439,16579.626765145567
2440,
2441,
2442,
2443,11134.044045922463
2444,8121.5284951946505
2445,
2446,7867.644885598441
2447,
2448,
2449,
2450,
2451,
2452,10211.724080443244
2453,
2454,7940.474738547077
2455,12108.796408062924
2456,7068.237510766336
2457,
2458,7846.478856726803
2459,6555.05944481431
2460,
2461,16716.098967154736
2462,7210.167593502437
2463,
2464,
2465,
2466,
2467,6480.488524339808
2468,50974.358154548194
2469,8685.5356960412
2470,
2471,
2472,
2473,9818.875376024967
2474,
2475,
2476,
2477,6367.020184642381
2478,31010.845315482995
2479,
2480,7781.059454805585
2481,
2482,
2483,6997.051266814104
2484,
2485,
2486,
2487,5927.272354363365
2488,50974.358154548194
2489,
2490,6368.846926046259
2491,
2492,6103.752894834037
2493,
2494,1499.8943094024753
2495,
2496,
2497,30418.11657996472
2498,
2499,24976.78811864954
2500,8660.397266679549
2501,12754.574204142507
2502,10305.198331395955
2503,
2504,
2505,
2506,
2507,
2508,
2509,12052.030903909983
2510,7122.860995499203
2511,
2512,18240.139154364722
2513,7714.618140519427
2514,
2515,
2516,8128.305339752595
2517,
2518,
2519,
2520,
2521,10618.986789951034
2522,5817.385885405937
2523,7828.03976978424
2524,
2525,9048.974102917777
2526,
2527,
2528,
2529,
2530,
2531,
2532,
2533,
2534,6473.450222867589
2535,
2536,
2537,23387.67955314222
2538,7486.442663962736
2539,11249.026035956917
2540,9829.220806533063
2541,
2542,
2543,
2544,
2545,
2546,
2547,
2548,7084.9523527285555
2549,
2550,
2551,
2552,13201.50425990972
2553,
2554,
2555,
2556,
2557,
2558,6916.91187675371
2559,10734.430473355695
2560,10292.702928343966
2561,
2562,
2563,
2564,
2565,12605.305354148506
2566,7606.0084139712235
2567,
2569,
2570,
2571,10161.496756663815
2572,
2573,
2574,39512.512565529716
2575,10337.972666070924
2576,9981.005054704654
2577,6593.659570001908
2578,7859.998821187868
2579,
2580,11266.866259365766
2581,
2582,
2583,
2584,
2585,9769.816062873564
2586,11501.836225397084
2587,6896.185819993607
2588,12856.097557555186
2589,
2590,
2591,
2592,6624.604945008931
2593,8035.434184806482
2595,22356.242774786475
2596,
2597,11804.78833084286
2598,
2599,9473.084764412635
2600,7638.2514175431925
2601,12250.530056218682
2602,
2603,
2604,7975.220246584777
2605,
2606,
2607,
2608,
2609,16226.055487765547
2610,
2611,12171.517587923321
2612,8871.477674951127
2613,10258.035395858042
2614,
2615,
2616,10638.831979600445
2617,8650.422998732507
2618,
2619,5966.454442332747
2620,
2621,11463.222855864966
2622,
2623,9586.667363714243
2624,7313.9574056867
2625,8278.155477591765
2626,
2627,
2628,6975.878605027983
2629,
2630,
2631,13896.049550445232
2632,
2633,16001.482491487937
2634,
2635,8920.167379578392
2636,11406.261550774396
2637,
2638,
2639,
2640,17078.05280759476
2641,
2642,
2643,9643.625139609045
2644,9349.374396443955
2645,6529.013993043066
2646,8817.11063788043
2647,7637.4953554423055
2648,
2649,12754.574204142507
2650,
2651,
2652,
2653,
2654,
2655,
2656,12230.584510070581
2657,13134.722620913833
2658,
2659,
2660,7418.601758222707
2661,
2662,104030.91534178802
2663,7950.213457571611
2664,7381.2966120023175
2665,
2666,7561.913084169789
2667,
2668,18732.678711830617
2669,
2670,7553.939145167393
2671,10214.140721347552
2672,
2673,
2674,
2675,14860.702191683973
2676,7754.369579593721
2677,
2678,
2679,6667.0779314057745
2680,12033.344004323106
2681,
2682,
2683,
2684,
2685,7165.689688180884
2686,
2687,
2688,
2689,13896.049550445232
2690,12736.988371818843
2691,6856.4488827303485
2692,
2693,12161.783463349584
2694,7511.735896867742
2695,
2696,9501.881551732798
2697,
2698,
2699,14981.80288143543
2700,
2701,
2702,6716.529006251953
2703,7268.747930443754
2704,14299.339605034653
2705,13594.877922672526
2706,
2707,
2708,9243.205212615489
2709,
2710,12341.924872667989
2711,
2712,
2713,6973.775393323175
2714,6629.7477193467175
2715,9025.26744788872
2716,
2717,
2718,
2719,
2720,
2721,
2722,7402.52166066137
2723,
2724,14470.503535046066
2725,
2726,
2727,
2728,6393.9006624902395
2729,17135.110200712053
2730,10433.58968693939
2731,
2732,13519.843956035404
2733,
2734,
2735,9814.749377482105
2736,
2737,10154.401690296474
2738,
2739,
2740,
2741,
2742,6627.602956705394
2743,
2744,6606.730024673387
2745,7813.909398684737
2746,
2747,
2748,6435.659241601867
2749,
2750,
2751,8515.429561480392
2752,6492.682153293541
2753,6969.052423062446
2754,6885.16633223314
2755,
2756,10560.32706579136
2757,
2758,
2759,13262.785456946302
2760,7644.310711313043
2761,
2762,7595.6274557778215
2763,
2764,13790.023328860007
2765,7804.82036496191
2766,
2767,
2768,6398.3630008545715
2769,6994.390612893742
2770,
2771,15308.888092454332
2772,
2773,7155.177048659102
2774,8592.736947767396
2775,
2776,8223.590942825958
2777,15248.37406926497
2778,13208.257460197305
2779,
2780,
2781,
2782,20777.714973127346
2783,
2784,
2785,
2786,9779.955978891152
2787,10149.68263678694
2788,
2789,8901.95800630385
2790,
2791,
2792,
2793,
2794,5943.264980526387
2795,
2796,
2797,
2798,
2799,9599.837253021637
2800,8121.5284951946505
2801,
2802,6563.696672389155
2803,
2804,5696.14422030813
2805,10137.923262685852
2806,6483.626500392534
2807,
2808,7062.148109740405
2809,8140.951162388931
2810,
2811,
2812,
2813,
2814,
2815,
2816,10684.755751229559
2817,12742.839538637045
2818,
2819,
2820,24018.21471805337
2821,
2822,41950.09615744248
2823,
2824,
2825,10968.417949793324
2826,
2827,6176.378954407485
2828,
2829,9329.095190770095
2830,11199.667718777715
2831,16947.815310863785
2832,
2833,9516.411974289793
2834,
2835,6975.878605027983
2836,6958.602553683797
2837,6624.604945008931
2838,
2839,7213.172247014082
2840,
2841,41950.09615744248
2842,
2843,
2844,15972.466140447052
2845,6868.768269809937
2846,13075.75848363661
2847,25063.81944245389
2848,8418.397056642776
2849,8380.80008869684
2850,
2851,
2852,
2853,
2854,15248.37406926497
2855,7973.423598197247
2856,
2857,23127.783824222937
2858,7028.755993969513
2859,10295.19716225025
2860,
2861,29033.475420583876
2862,
2863,
2864,6814.734694262937
2865,7971.628567501116
2866,13346.295225329699
2867,6478.921812041802
2868,9235.111875250304
2869,
2870,1499.959668566117
2871,6157.099622921284
2872,
2873,
2874,16630.280725756318
2875,
2876,
2877,11529.177534903134
2878,10892.327052338176
2879,7120.574958921712
2880,14722.495239343585
2881,6697.198527488027
2882,
2883,7799.058394866925
2884,
2885,5946.873285705878
2886,
2887,6929.160510595673
2888,9856.324415705265
2889,23387.67955314222
2890,
2891,6538.326401607504
2892,11168.390481966999
2893,
2894,
2895,8959.89952248269
2896,
2897,
2898,
2899,6740.665139123356
2900,8236.841638962567
2901,25517.99075381689
2902,76650.3705966073
2903,11757.71872206954
2904,
2905,65534.99999999998
2906,
2907,7765.647789532604
2908,8001.455026291374
2909,11040.072949059027
2910,12220.660299214334
2911,
2912,
2913,12452.088547302094
2914,
2915,6911.833763002899
2916,
2917,10484.088997246517
2918,
2919,
2920,
2921,
2922,
2923,11302.889094763159
2924,
2925,
2926,
2927,8178.37236356104
2928,8825.18090837421
2929,
2930,
2931,
2932,20988.895243303163
2933,9025.26744788872
2934,
2935,
2936,5926.723948036983
2937,8069.997909527119
2938,
2939,
2940,8660.397266679549
2941,
2942,
2943,
2944,12075.553662455699
2945,
2946,
2947,
2948,
2949,
2950,
2951,9496.455466682635
2952,6952.362619776017
2953,6610.11990856912
2954,24890.953118298246
2955,
2956,
2957,11540.975132698108
2958,10513.776666364829
2959,7064.360009394812
2960,
2961,
2962,10785.041958621234
2963,
2964,
2965,
2966,6566.999041894078
2967,
2968,
2969,7820.546267605921
2970,43423.253538725025
2971,6854.976484556816
2972,6735.169960647788
2973,11249.026035956917
2974,
2975,
2976,
2977,26006.978835446997
2978,
2979,8180.3610269906085
2980,
2981,
2982,7799.058394866925
2983,8516.597956276426
2984,
2985,
2986,7755.976743577061
2987,
2988,
2989,
2990,
2991,
2992,9088.03490016641
2993,10277.788100023568
2994,10901.723256294394
2995,
2996,
2997,10248.215781917013
2998,15038.1721214645
2999,7430.076779225951
3000,7555.386451552442
3001,
3002,6584.446215111453
3003,6427.295984881203
3004,
3005,14207.668242008045
3006,12911.173850073534
3007,
3008,24321.328267770365
3009,16415.125572457215
3010,
3011,
3012,8549.575710914109
3013,10462.70716070168
3014,7087.192970222607
3015,15141.814403132124
3016,10258.035395858042
3017,
3018,
3019,
3020,12430.801174947901
3021,11568.691817487732
3022,7183.940599185872
3023,
3024,11332.04174248246
3025,
3026,
3027,9645.547145466939
3028,
3029,10538.318505909785
3030,
3031,14629.762578357464
3032,
3033,
3034,
3035,12837.946336868394
3036,
3037,16382.99999999999
3038,
3039,
3040,16463.790261012196
3041,
3042,17371.22865274602
3043,
3044,8300.180190566176
3045,10449.431699655821
3046,
3047,
3048,
3049,
3050,11800.47807550144
3051,5836.082297446086
3052,7325.436869445313
3053,
3054,
3055,
3056,13814.204015421903
3057,17620.923562743974
3058,13602.473386779082
3059,
3060,
3061,
3062,
3063,
3064,
3065,
3066,11728.152853387799
3067,8518.93667082458
3068,8212.445124024272
3069,7657.250827810825
3070,9614.977569454186
3071,
3072,9509.135662604533
3073,
3074,
3075,20574.784868733925
3076,10366.03317854548
3077,
3078,
3079,
3080,
3081,
3082,7079.363178337528
3083,9390.46794502075
3084,10206.897650574896
3085,23387.67955314222
3086,7497.64199659537
3087,
3088,
3089,6534.676091501211
3090,
3091,
3092,
3093,
3094,10879.849003556206
3095,7812.253697491402
3096,
3097,14609.470232512032
3098,7831.379448026461
3099,6833.0411094688025
3100,8409.489991483339
3101,7500.452318978437
3102,
3103,
3104,
3105,
3106,
3107,
3108,
3109,8278.155477591765
3110,7377.3439269996525
3111,5923.1642459926215
3112,
3113,
3114,6918.4382234701725
3115,8535.379930998259
3116,
3117,
3118,8852.296841893363
3119,
3120,
3121,6773.549571578531
3122,
3123,
3124,7012.563316861199
3125,20535.139712967084
3126,
3127,13181.327196996279
3128,
3129,
3130,
3131,9287.405201232412
3132,6772.1470700744585
3133,7296.872235350859
3134,
3135,12571.837129363754
3136,
3137,
3138,7357.05566939379
3139,
3140,10325.317852119084
3141,
3142,7413.226207159078
3143,
3144,1509.0934458230267
3145,
3146,8279.19898094004
3147,
3148,70231.60989353151
3149,
3150,
3151,7934.302148543979
3152,
3153,7250.237203760684
3154,17620.923562743974
3155,7789.220177495417
3156,
3157,
3158,
3159,
3160,12462.787082243798
3161,11564.715978062148
3162,
3163,
3164,17040.43362673629
3165,6050.718109851945
3166,12260.551762164787
3167,
3168,12702.105527063128
3169,7054.428213391627
3170,
3171,9747.655373039666
3172,
3173,
3174,
3175,
3176,15986.947985315126
3177,
3178,5758.539760000125
3179,8035.434184806482
3180,8752.288699015222
3181,9505.505839479956
3182,8014.2443597372
3183,
3184,
3185,26426.534557462866
3186,
3187,9330.778412020893
3188,
3189,
3190,12594.109695191433
3191,
3192,13242.232037463365
3193,12790.03937518132
3194,8256.362663705399
3195,19535.238354530346
3196,13475.609690198693
3197,16210.68894875656
3198,
3199,
3200,9639.785718367497
3201,
3202,8047.510684813815
3203,7957.326254349016
3204,7804.82036496191
3205,7515.275967081998
3206,11865.8012404059
3207,
3208,
3209,7043.458082639075
3210,
3211,10812.2261614177
3212,
3213,
3214,6108.695266385969
3215,8511.92821961881
3216,
3217,10513.776666364829
3218,10133.234742589457
3219,
3220,
3221,18191.23506139196
3222,10391.809100600512
3223,
3224,
3225,
3226,
3227,11017.070647121327
3228,
3229,
3230,
3231,10676.084590468907
3232,
3233,
3234,
3235,11843.866252798434
3236,7047.837944236974
3237,
3238,5765.888619315169
3239,9473.084764412635
3240,
3241,
3242,
3243,
3244,
3245,
3246,7322.240901115576
3247,
3248,
3249,
3250,7054.978515883008
3251,7012.563316861199
3252,31218.9847349303
3253,7509.615052895957
3254,
3255,
3256,8266.71154364656
3257,
3258,8468.070164944113
3259,
3260,9909.299016424095
3261,
3262,
3263,
3264,7606.752084756484
3266,6874.713121643469
3267,
3268,6678.088648120479
3269,7163.933290016882
3270,6754.019565350338
3271,
3272,
3273,
3274,
3275,
3276,11410.023840476877
3277,8654.157963795158
3278,8927.210780087913
3279,
3280,7289.957200234863
3281,
3282,9230.269452897139
3283,8432.951894357253
3284,
3285,76650.3705966073
3286,
3287,
3288,1499.8943094024753
3289,
3290,7864.242963477234
3291,
3292,
3293,
3294,
3295,
3296,8253.268086527249
3297,
3298,
3299,21345.479526264673
3300,
3301,
3302,11079.95676178992
3303,
3304,20777.714973127346
3305,6234.6937497614845
3306,
3307,9191.892001840835
3308,
3309,
3310,
3311,
3312,
3313,
3314,8714.809224410255
3315,9790.13811822254
3316,
3317,7491.334135129827
3318,
3319,
3320,12650.489630596603
3321,12905.007577001104
3322,
3323,
3324,
3325,
3326,
3327,11552.821164070603
3328,7940.474738547077
3329,8305.458826218985
3330,15407.744023129448
3331,
3332,
3333,
3334,
3335,13325.220513603192
3336,
3337,10446.784680368424
3338,
3339,8035.434184806482
3340,7629.951157590183
3341,6750.786393098644
3342,
3343,10658.826341757494
3344,12047.34829624994
3345,6945.1108954538495
3346,7078.805230094221
3347,9543.897914269237
3348,
3349,8458.951374404103
3350,6610.11990856912
3351,
3352,
3353,9212.600371249562
3354,12311.157171628452
3355,
3356,10725.597147529435
3357,
3358,
3359,
3360,
3361,9950.331448065623
3362,7196.410355822642
3363,12171.517587923321
3364,
3365,9767.79311953152
3366,5953.837036370833
3367,7965.358662659841
3368,9467.72409667191
3369,
3370,
3371,16768.449305634338
3372,11252.58504474731
3373,8160.560947097773
3374,
3375,6920.475449621587
3376,10317.754628330173
3377,10216.55965127965
3378,
3379,10096.036023846289
3380,
3381,
3382,
3383,7017.944294357044
3384,6854.976484556816
3385,
3386,
3387,
3388,
3389,
3390,13353.349822428227
3391,
3392,
3393,
3394,
3395,
3396,7691.154382436532
3397,12478.904066253139
3398,
3399,8039.142310461194
3400,
3401,
3402,
3403,6166.387871722953
3404,
3405,
3406,8152.69437745502
3407,
3408,
3409,
3410,
3411,13360.419357799738
3412,
3413,
3414,
3415,
3416,
3417,
3418,
3419,
3420,
3421,
3422,9487.439460250727
3423,
3424,7864.242963477234
3425,
3426,
3427,
3428,
3429,7620.1880955517645
3430,6552.600000000002
3431,
3432,7001.850663380715
3433,10725.597147529435
3434,
3435,10991.015402019972
3436,16134.719282213746
3437,
3438,
3439,12549.721275208994
3440,12605.305354148506
3441,
3442,10664.566690923899
3443,7678.75640888568
3444,10029.980885861512
3445,8105.164029865267
3446,
3447,
3448,7789.220177495417
3449,
3450,
3451,13549.658482466853
3452,
3453,8071.8832162786075
3454,16256.964239574523
3455,
3456,
3457,13687.160461741796
3458,
3459,
3460,
3461,8639.25665805871
3462,9402.590450753874
3463,
3464,
3465,13879.525100198754
3466,14171.65118450539
3467,
3468,8461.22739048765
3469,24976.78811864954
3470,
3471,11436.499628749816
3472,6533.056345191627
3473,9887.97272065362
3474,
3475,
3476,
3477,
3478,
3479,6704.365256001348
3480,
3481,7206.568607248267
3482,10371.167915976672
3483,
3484,7777.804724415577
3485,9879.49342584567
3486,8743.182878667267
3487,
3488,
3489,
3490,
3491,7275.582740216055
3492,
3493,
3494,8831.928755733798
3495,
3496,9319.021299340184
3497,
3498,7688.823661846693
3499,
3500,7182.757503396454
3501,13353.349822428227
3502,
3503,
3504,8066.232572890377
3505,
3506,10112.243172085588
3507,
3508,12667.601675299496
3509,
3510,
3511,86327.44366752646
3512,8947.051313734439
3513,12495.104738790136
3514,
3515,
3516,14860.702191683973
3517,
3518,
3519,6500.597907035493
3520,12684.806678344214
3521,
3522,
3523,
3524,14013.969546175256
3526,
3527,6492.682153293541
3528,
3529,10604.901910306859
3530,7110.891928959672
3531,7774.555432172702
3532,7813.909398684737
3533,7281.194022078324
3534,
3535,10144.972342543644
3536,9089.550749911028
3537,
3538,
3539,
3540,8775.879050635958
3541,
3542,5996.029157567974
3543,
3544,
3545,9413.031159311908
3546,10070.776105661433
3547,
3548,6785.282448451891
3549,
3550,23127.783824222937
3551,
3552,13863.07896501092
3553,
3554,
3555,
3556,7322.8796486897845
3557,
3558,9512.771035918326
3559,86327.44366752646
3560,7110.891928959672
3561,8452.137987799482
3562,9703.92992938905
3563,
3564,
3565,9868.935079028326
3566,7268.747930443754
3567,7205.370540635891
3568,6984.316897149598
3569,
3570,13814.204015421903
3571,
3572,13134.722620913833
3573,10596.48675053693
3574,14860.702191683973
3576,
3577,
3578,
3579,9393.925139496478
3580,
3581,
3582,
3583,
3584,
3585,13049.88945765393
3586,9713.798687388053
3587,
3588,9875.264667175576
3589,
3590,6932.74940844617
3591,
3592,9342.595076034719
3593,
3594,8245.038501722425
3595,
3596,12825.902290083557
3597,
3598,8957.037986435505
3599,
3600,10484.088997246517
3601,
3602,
3603,7856.610094042578
3604,
3605,12137.583671079645
3606,7864.242963477234
3607,9279.156169183234
3608,
3609,
3610,48286.337658979355
3611,
3612,18760.107270344408
3613,12862.170821357568
3614,
3615,9400.854830476217
3616,11175.310800021243
3617,
3618,
3619,8609.759108442006
3620,
3621,35577.41458423276
3622,6808.994319822669
3623,
3624,7053.328123218131
3625,13228.600291301018
3626,
3627,14207.668242008045
3628,
3629,16716.098967154736
3630,
3631,7370.774885130224
3632,
3633,
3634,
3635,
3636,10713.864464228782
3637,
3638,
3639,8313.932648801308
3640,7072.679382818388
3641,13687.160461741796
3642,7996.907142255308
3643,10833.560090211307
3644,
3645,12610.918135546457
3646,
3647,19407.54687359795
3648,
3649,
3650,
3651,10123.88365562518
3652,
3653,
3654,
3655,
3656,12357.42458531819
3657,
3658,
3659,
3660,6362.280444977543
3661,
3662,8369.869194593577
3663,10050.295709122862
3664,
3665,9773.866982103382
3666,
3667,
3668,15038.1721214645
3669,5892.577939649948
3670,11707.215370716658
3671,
3672,9092.585485823285
3673,
3674,12280.693977857027
3675,9767.79311953152
3676,6798.520318739861
3677,5686.353290695767
3678,
3679,8184.34416346553
3680,13718.483592616774
3681,14490.033253121403
3682,
3683,6754.019565350338
3684,
3685,
3686,7407.866200803477
3687,6558.755545259213
3688,
3689,7581.629177367166
3690,12331.634809646635
3691,14712.07521092366
3692,
3693,10297.693815394232
3694,
3695,9713.798687388053
3696,9786.060176010653
3697,7146.463454869497
3698,9771.840682919674
3699,
3700,7881.311686635028
3701,7399.189142358837
3702,11715.572415217726
3703,6518.550498979879
3704,6997.051266814104
3705,39512.512565529716
3706,
3707,9781.989019061715
3708,
3709,
3710,10728.538358849737
3711,
3712,
3713,7606.0084139712235
3714,
3715,
3716,
3717,11665.784679698929
3718,6924.557110865168
3719,
3720,
3721,
3722,
3723,11843.866252798434
3724,13374.603465433247
3725,6893.173509600278
3726,
3727,
3728,
3729,9352.771444661597
3730,6964.864946882971
3731,7465.622899446187
3732,9771.840682919674
3733,
3734,
3735,
3736,8318.182551227357
3737,
3738,
3739,7382.616057358747
3740,
3741,5899.55958580007
3742,
3743,9605.503693793977
3744,9733.657284531364
3745,
3746,13782.000625869241
3747,7743.95537384887
3748,13954.511384666503
3749,13750.09541772221
3750,
3751,
3752,11123.822151518048
3753,23387.67955314222
3754,
3755,8714.809224410255
3756,
3757,
3758,
3759,
3760,
3761,
3762,
3763,6452.132134969981
3764,10994.258841394394
3765,
3766,7017.405453245276
3767,10228.688769566023
3768,8705.858122958902
3769,8547.203187010153
3770,
3771,
3772,12495.104738790136
3773,6952.362619776017
3774,
3775,13534.71838382314
3776,
3777,
3778,
3779,5756.586380247113
3780,
3781,9950.331448065623
3782,7809.772774262326
3783,8449.87173085769
3784,
3785,
3786,15802.673306572091
3787,8716.090961079375
3788,8797.06333326587
3789,6572.379596795449
3790,6409.198633565429
3791,8639.25665805871
3792,
3793,
3794,
3795,
3796,
3797,6191.9776418008605
3798,
3799,11033.481262149528
3800,9143.251451410315
3801,
3802,
3803,61886.37438792865
3804,6960.687515628081
3805,6561.224248576467
3806,
3807,9534.700666412924
3808,9956.872640646825
3809,12260.551762164787
3810,
3811,
3812,6516.946673454163
3813,9792.179639991085
3814,12960.932237113175
3815,
3816,
3817,
3818,
3819,
3820,43423.253538725025
3821,7027.129990212053
3822,6504.968062764891
3823,8378.609341056886
3824,7951.989273031572
3825,
3826,6280.686378390317
3827,
3828,13742.16514178939
3829,9814.749377482105
3830,8307.57404373497
3831,8109.963417623513
3832,17840.39721857605
3833,
3834,
3835,
3836,
3837,7165.689688180884
3838,
3839,
3840,
3841,
3842,8153.676040645021
3843,11324.725380382824
3844,
3845,
3846,
3847,12736.988371818843
3848,9357.876287285646
3849,
3850,6712.915731027159
3851,11059.942949239414
3852,11203.16464929488
3853,
3854,
3855,
3856,8451.004555500058
3857,9781.989019061715
3858,6746.178292845773
3859,
3860,7436.86005709479
3861,
3862,
3863,
3864,
3865,
3866,
3867,10260.496186404755
3868,
3869,
3870,8354.661249248056
3871,8810.407906019907
3872,13490.290104518457
3873,
3874,11033.481262149528
3875,
3876,
3877,
3878,18787.69717372591
3879,
3880,7687.27141641457
3881,
3882,
3883,7689.600254829338
3884,9154.144885835802
3885,
3886,17371.22865274602
3887,8565.061602122056
3888,
3889,
3890,
3891,14559.227503438879
3892,
3893,
3894,7615.69888102655
3895,
3896,
3897,5745.88994450234
3898,9514.59080854035
3900,11826.434489195848
3901,14162.703801328973
3902,11937.101794583194
3903,
3904,
3905,6657.884797600419
3906,16089.814450924172
3907,
3908,
3909,
3910,1490.855911300491
3911,6871.242792129625
3912,
3913,
3914,12801.949102150133
3915,
3916,
3917,
3918,9465.939901397584
3919,
3920,13346.295225329699
3921,14712.07521092366
3922,14308.63761780065
3923,11217.19617885893
3924,6989.081419435779
3925,8957.037986435505
3926,8339.56322235829
3927,9004.726456170027
3928,18094.97804817239
3929,
3930,
3931,
3932,9767.79311953152
3933,
3934,
3935,
3936,8710.968532421584
3937,15177.003099152036
3938,8540.101381037788
3939,
3940,
3941,7670.278999035175
3942,
3943,
3944,
3945,10549.29983034829
3946,7105.220561379733
3947,
3948,7489.236225518066
3949,
3950,11576.659927318784
3951,11220.715061203531
3952,
3953,
3954,25517.99075381689
3955,
3956,
3957,
3958,6608.847887005807
3959,
3960,18928.12612953417
3961,13297.326720869913
3962,
3963,
3964,10305.198331395955
3965,
3966,
3967,
3968,
3969,7561.913084169789
3970,
3971,6982.203496552515
3972,
3973,10946.005182843028
3974,
3975,
3976,
3977,11736.569901739967
3978,
3979,13431.948661654222
3980,
3981,14207.668242008045
3982,
3983,13648.40555314651
3984,12549.721275208994
3985,
3986,11004.012180785265
3987,104030.91534178802
3988,
3989,10699.270514726142
3990,16803.71639017573
3991,
3992,
3993,
3994,10358.350097782679
3995,
3996,9065.417765626338
3997,
3998,
3999,1514.8362700629366
4000,
4001,
4002,
4003,
4005,
4006,
4007,
4008,7497.64199659537
4009,
4010,9498.262784607643
4011,14753.933402924149
4012,
4013,
4014,7888.180807049552
4015,7159.257965172157
4016,13610.085852490305
4017,
4018,
4019,
4020,
4021,11923.60223335759
4022,
4023,
4024,
4025,10270.363015739631
4026,10974.855403119413
4027,13782.000625869241
4028,17291.078822315256
4029,
4030,7510.321734783169
4031,10360.908593835766
4032,7239.220789964249
4033,9579.174068466467
4034,
4035,9489.239923189632
4036,
4037,
4038,
4039,
4040,9935.13523765743
4041,
4042,8270.865651389206
4043,
4044,9922.18349336016
4045,
4046,13075.75848363661
4047,
4048,
4049,6806.131373442748
4050,
4051,
4052,
4053,
4054,5944.374295655346
4055,
4056,11030.19131524548
4057,13625.362055942694
4058,
4059,
4060,
4061,
4062,
4063,
4064,13242.232037463365
4065,13367.503886888486
4066,
4067,11505.726261617005
4068,9729.672569683977
4069,
4070,13346.295225329699
4071,
4072,11564.715978062148
4073,
4074,6998.116662471404
4075,6969.052423062446
4076,13283.467068597205
4077,
4078,
4079,
4080,
4081,
4082,6410.698972680153
4083,
4084,
4085,
4086,
4087,
4088,
4089,
4090,7409.204749378368
4091,
4092,
4093,6828.687599656348
4094,8357.91079374829
4095,
4096,
4097,
4098,
4099,17707.412916686
4100,
4101,18466.916866746793
4102,
4103,
4104,
4105,
4106,29033.475420583876
4107,
4108,6945.627873045484
4109,
4110,
4111,7582.3633591278885
4112,
4113,
4114,
4115,6876.202553372128
4116,
4117,
4118,
4119,
4120,13920.984501432567
4121,7423.992933059258
4122,8481.822400462856
4123,7024.4233235382235
4124,7812.253697491402
4125,7310.14686979711
4126,9763.752253250612
4127,14937.310257544495
4128,
4129,
4130,
4131,
4132,
4133,11740.787498186923
4134,
4135,
4136,
4137,15420.281656019097
4138,16966.178072041253
4139,
4140,7739.96477371233
4141,
4142,
4143,11537.037235724856
4144,
4145,
4146,
4147,10238.433656401296
4148,
4149,
4150,
4151,
4152,
4153,
4154,
4155,7260.086094919647
4156,
4157,
4158,
4159,
4160,7610.474806081048
4161,10661.694971159104
4162,8714.809224410255
4163,8340.638037218425
4164,
4165,
4166,
4167,7077.132439948448
4168,
4169,7370.774885130224
4170,13147.970963348906
4171,
4172,
4173,
4174,16319.495486765789
4175,
4176,22138.64022865062
4177,7915.898841714809
4178,11843.866252798434
4179,6724.687405883575
4180,16288.109841066595
4181,
4182,12300.969200760323
4183,11791.876412049083
4184,
4185,
4186,12152.080401023333
4187,
4188,11707.215370716658
4189,8421.746949724347
4190,13904.341348087064
4191,8344.94284409128
4192,6482.056752933384
4193,9272.577994964628
4194,18760.107270344408
4195,12070.834414744815
4196,9967.812962168904
4197,8239.91164234204
4198,
4199,7237.3912192689495
4200,6441.386489173443
4201,
4202,
4203,14559.227503438879
4204,
4206,
4207,
4208,
4209,6631.035910232515
4210,8561.477975318898
4211,
4212,
4213,6529.821663303995
4214,
4215,13325.220513603192
4216,
4217,
4218,
4219,
4220,
4221,10867.427932252735
4222,
4223,
4224,
4225,
4226,
4227,6871.242792129625
4228,8303.345761048651
4229,
4230,
4231,11686.426592306572
4232,8634.31230409884
4233,
4234,11100.1162181698
4235,5949.098141493203
4236,8573.44678873941
4237,9109.349297916882
4238,8047.510684813815
4239,
4240,
4241,
4242,
4243,
4244,11791.876412049083
4245,
4246,
4247,7027.129990212053
4248,
4249,
4250,7449.816839595236
4251,11459.389949241646
4252,6218.3296538742
4253,
4254,6926.601555887504
4255,6771.212714003824
4256,
4257,
4258,8224.607202683444
4259,9737.648534377717
4260,13557.15331722642
4261,
4262,
4263,10182.901563831882
4264,8131.216634739355
4265,
4266,11004.012180785265
4267,13346.295225329699
4268,9941.636527563192
4269,
4270,
4271,
4272,7909.80221753331
4273,7388.565258188223
4274,11398.751830663954
4275,
4276,9721.72267025468
4277,
4278,
4279,
4280,
4281,
4282,6879.185293034819
4283,
4284,8725.084281640015
4285,
4286,
4287,10175.746595506636
4288,
4289,
4290,
4291,17310.977664753984
4292,10696.361251256285
4293,6957.040470161253
4294,
4295,
4296,14849.885810722037
4297,
4298,
4299,7938.709181632837
4300,
4301,8879.74910081808
4302,6923.025359758552
4303,17231.926437076465
4304,
4305,7170.969235575581
4306,13215.024499014284
4307,11941.615255048962
4308,7569.191419028379
4309,12667.601675299496
4310,9727.682657037572
4311,
4312,
4313,
4314,
4315,
4316,
4317,11937.101794583194
4318,
4319,
4320,11436.499628749816
4321,
4322,11501.836225397084
4323,14422.135849593917
4324,
4325,
4326,7781.873988980964
4327,10470.70490177258
4328,
4329,
4330,
4331,
4332,14327.306442124862
4333,
4334,
4335,
4336,
4337,9458.816542875356
4338,
4339,
4340,
4341,
4342,7927.271198225249
4343,9798.314437778454
4344,
4345,6264.178174927042
4346,
4347,
4348,65534.99999999998
4349,13381.718149469256
4350,
4351,
4352,13431.948661654222
4353,7277.4512456667235
4354,8686.800295811
4355,
4356,11299.266053138483
4357,
4358,
4359,
4360,19699.692541292767
4362,
4363,7792.494067427989
4364,
4365,
4366,
4367,
4368,
4369,
4370,
4371,7316.502181472325
4372,
4373,13846.710497648324
4374,7076.575194438358
4375,
4376,7388.565258188223
4377,
4378,14189.614006245074
4379,
4380,
4381,
4382,15248.37406926497
4384,12347.082802592502
4385,
4386,18240.139154364722
4387,
4388,
4389,
4390,10647.382611713114
4391,7945.7808479688565
4392,
4393,13161.272915731262
4394,
4395,
4396,7971.628567501116
4397,6688.727686979427
4398,
4399,
4400,10681.862234773125
4401,
4402,
4403,
4404,12538.721513854913
4405,7170.381850705179
4406,6520.155904240272
4407,
4408,7743.95537384887
4409,7812.253697491402
4410,
4411,
4412,24722.759109260478
4413,
4414,7118.291853865373
4415,
4416,13490.290104518457
4417,
4418,
4419,6739.289663335907
4420,
4421,1501.612072306002
4422,
4423,10758.12907227739
4424,
4425,
4426,8204.376901617265
4427,
4428,12571.837129363754
4429,7859.998821187868
4430,11657.56863143248
4431,
4432,19974.78134451256
4433,7949.326144378496
4434,6949.769242458132
4435,
4436,
4437,11096.746115892813
4438,8630.611455515265
4439,9651.32236964363
4440,9816.811509764937
4441,
4442,
4443,6748.9416426262005
4444,
4445,
4446,8356.827050601976
4447,
4448,10290.211109575988
4449,
4450,13587.299393832112
4451,27231.340615790024
4452,15420.281656019097
4453,6277.232814343617
4454,12311.157171628452
4455,
4456,
4457,
4458,6881.17666370841
4459,
4460,12527.760213239206
4461,
4462,20303.509359929478
4463,10812.2261614177
4464,
4465,14509.668823553344
4466,34258.465573152214
4467,9814.749377482105
4468,13154.615214587431
4469,
4470,
4471,
4472,10889.202173494215
4473,
4474,8389.586049100628
4475,12033.344004323106
4476,17059.20174061184
4477,
4478,7838.075939007146
4479,22525.195601588082
4480,7916.771323410403
4481,
4482,
4483,
4484,
4485,
4486,10096.036023846289
4487,9529.199299422768
4488,
4489,7945.7808479688565
4490,8373.142475373446
4491,7370.774885130224
4492,10647.382611713114
4493,10116.892939716387
4494,
4495,
4496,
4497,
4498,7912.412756349205
4499,
4500,
4501,
4502,
4503,
4504,
4505,
4506,12522.293912277803
4507,
4508,9705.900473591308
4509,
4510,9483.842629178183
4511,
4512,11813.427769221329
4513,
4514,7196.410355822642
4515,
4516,
4517,
4518,
4519,
4520,
4521,
4522,23454.504715022787
4523,
4524,
4525,
4526,
4527,
4528,
4529,10025.48873081123
4530,6218.3296538742
4531,10310.213513857258
4532,8089.881959395314
4533,
4534,
4535,
4536,8239.91164234204
4537,14589.289999324825
4538,
4539,13814.204015421903
4540,8518.93667082458
4541,7451.870915284551
4542,
4543,9976.599932749228
4544,12478.904066253139
4545,6727.870840792708
4546,6586.117542184054
4547,8280.243010579276
4548,
4549,14057.066279755272
4550,
4551,
4552,
4553,6219.326607616181
4554,
4555,8322.441155785413
4556,
4557,10389.219960209206
4558,8316.056514193499
4559,
4560,
4561,
4562,24092.578086370522
4563,8016.078092210174
4564,
4565,
4566,
4567,12316.263832177347
4568,
4569,7277.4512456667235
4570,
4571,12176.396353009986
4572,
4573,
4574,
4575,9437.574368373016
4576,
4577,7614.951706322822
4578,13147.970963348906
4579,
4580,
4581,8251.207610134461
4583,
4584,9749.66168208438
4585,6901.722092366294
4586,
4587,
4588,9727.682657037572
4589,
4590,
4591,
4592,
4593,10084.522859900146
4594,
4595,10221.404393423953
4596,
4597,
4598,
4599,9932.971916178729
4600,6785.753456396801
4601,
4602,
4603,
4604,
4605,
4607,14100.698050143945
4608,
4609,12070.834414744815
4610,
4611,17557.152473382906
4612,9664.851874053842
4613,16399.03132138196
4614,
4615,7071.012372690005
4616,7161.594101705027
4617,6225.321785825744
4618,10116.892939716387
4619,9437.574368373016
4620,
4621,10952.390139194627
4622,8156.623869329547
4623,
4624,
4625,
4626,
4627,
4628,
4629,8617.095742870317
4630,9779.955978891152
4631,11761.966814462985
4632,10057.103994593059
4633,32111.463382422786
4634,8395.09602313564
4635,
4636,12331.634809646635
4637,
4638,
4639,
4640,8593.948356995143
4641,6437.184516360765
4642,
4643,
4644,9635.952403562453
4645,
4646,
4647,
4648,7581.629177367166
4649,
4650,9441.10148916783
4651,
4652,7007.734515621435
4653,
4655,
4656,9048.974102917777
4657,12336.775550054264
4658,
4659,6984.316897149598
4660,
4661,
4662,13297.326720869913
4663,8937.109026309448
4664,8161.54640484065
4665,
4666,
4667,
4668,
4669,
4670,
4671,165139.3718518206
4672,9230.269452897139
4673,
4674,23659.66531995632
4675,
4676,
4677,
4678,
4679,7611.220225222639
4680,7629.951157590183
4681,8147.793141375336
4682,10901.723256294394
